1100wilshire,1100wilshire
accountexecutives,accountexecutives
accountexecutivesie,accountexecutivesie
accountexecutivesla,accountexecutivesla
accountexecutivesnorcal,accountexecutivesnorcal
accountexecutivesnv,accountexecutivesnv
accountexecutivesoc,accountexecutivesoc
accountexecutivessd,accountexecutivessd
accounttransitions,accounttransitions
accounting,accounting
accountingap,accountingap
accountingardeliq,accountingardeliq
accountingcashreceipts,accountingcashreceipts
accountingescrow,accountingescrow
accountingfm,accountingfm
accountingnewvendor,accountingnewvendor
acquavista,acquavista
administrativeassistants,administrativeassistants
associatemanagers,associatemanagers
associatemanagersie,associatemanagersie
associatemanagersoc,associatemanagersoc
builderach,builderach
builderservices,builderservices
corporate,corporate
customercare,customercare
diamondbar,diamondbar
escala,escala
events,events
fourseasonsbkf,fourseasonsbkf
frontdeskoc,frontdeskoc
generalmanagers,generalmanagers
generalmanagersbkf,generalmanagersbkf
generalmanagersie,generalmanagersie
generalmanagersla,generalmanagersla
generalmanagersnorcal,generalmanagersnorcal
generalmanagersnv,generalmanagersnv
generalmanagersoc,generalmanagersoc
generalmanagerssd,generalmanagerssd
humanresources,humanresources
leucadiaseabluffe,leucadiaseabluffe
lifestyle,lifestyle
manhattanvillage,manhattanvillage
mccteam,mccteam
mercury,mercury
newdevelopment,newdevelopment
newsletters,newsletters
onboarding,onboarding
oncalldl,oncalldl
onsiteteams,onsiteteams
pacificregent,pacificregent
portolaii,portolaii
rowe,rowe
ranchoniguelrec,ranchoniguelrec
bkfregion,bkfregion
ieregion,ieregion
laregion,laregion
norcalregion,norcalregion
ocregion,ocregion
reverence,reverence
rfp,rfp
rosenar,rosenar
sbmc,sbmc
sbaccounting,sbaccounting
facilities,facilities
separations,separations
sierraatjl,sierraatjl
skylasvegas,skylasvegas
slc,slc
socialmedia,socialmedia
stadiumlofts,stadiumlofts
summitattr,summitattr
talegagallery,talegagallery
wallisranch,wallisranch